brand_title,women_style,women_price,women_segment
120% Lino,contemporary,medium,contemporary_medium
3.1 Phillip Lim,contemporary,high,contemporary_high
3JUIN,contemporary,high,contemporary_high
3x1,contemporary,high,contemporary_high
5PREVIEW,contemporary,medium,contemporary_medium
7 For All Mankind,contemporary,high,contemporary_high
A Mere Co,contemporary,medium,contemporary_medium
A Paper Kid,contemporary-fashion,medium,contemporary-fashion_medium
A.P.C.,contemporary-fashion,medium,contemporary-fashion_medium
Academia,contemporary,medium,contemporary_medium
Acne Studios,contemporary-fashion,high,contemporary-fashion_high
Acupuncture,contemporary,medium,contemporary_medium
Add,contemporary,medium,contemporary_medium
Addicted,contemporary,high,contemporary_high
AERON,contemporary-fashion,medium,contemporary-fashion_medium
Aeronautica Militare,contemporary,medium,contemporary_medium
After Label,contemporary,high,contemporary_high
AG Adriano Goldschmied,contemporary,high,contemporary_high
AGL,contemporary,medium,contemporary_medium
Agnelle,classic,high,classic_high
Agnona,classic,high+,classic_high+
Agolde,contemporary-fashion,high,contemporary-fashion_high
Ai Riders,contemporary,medium,contemporary_medium
Alaia,fashion,high+,fashion_high+
Alanui,other,other,other
Alberta Ferretti,classic,high,classic_high
Albus Lumen,contemporary,high,contemporary_high
Alessandra Rich,contemporary-fashion,high,contemporary-fashion_high
Alessandro Vigilante,contemporary,high,contemporary_high
Alevi Milano,fashion,high+,fashion_high+
Alexander McQueen,contemporary-fashion,high+,contemporary-fashion_high+
Alexander Wang,contemporary,high,contemporary_high
Alexandre Vauthier,classic,high,classic_high
Allude,contemporary,medium,contemporary_medium
Altuzarra,other,other,other
Amina Muaddi,contemporary-fashion,high,contemporary-fashion_high
Amiri,contemporary,high,contemporary_high
Ancient Greek Sandals,contemporary,medium,contemporary_medium
Andrea Wazen,contemporary,high,contemporary_high
Andrea Ya'aqov,contemporary-fashion,medium,contemporary-fashion_medium
ANDREADAMO,contemporary-fashion,medium,contemporary-fashion_medium
Ann Demeulemeester,contemporary-fashion,high,contemporary-fashion_high
Anne Vest,contemporary,high,contemporary_high
Anton Heunis,contemporary,medium,contemporary_medium
Antonelli Firenze,classic,high,classic_high
Anya Hindmarch,other,other,other
Aquazzura,contemporary,high,contemporary_high
arch4,contemporary-fashion,high,contemporary-fashion_high
Area,contemporary-fashion,high,contemporary-fashion_high
Armarium,contemporary-fashion,high,contemporary-fashion_high
ASCENO,classic,high,classic_high
Aspesi,contemporary-fashion,high,contemporary-fashion_high
Autry,contemporary,medium,contemporary_medium
Axel Arigato,contemporary,high,contemporary_high
Bacon,contemporary,medium,contemporary_medium
Balenciaga,fashion,high+,fashion_high+
Bally,classic,high,classic_high
Balmain,contemporary,high+,contemporary_high+
Barbara Bui,classic,high,classic_high
Barena Venezia,classic,high,classic_high
Barrow,contemporary,medium,contemporary_medium
Beatrice .b,classic,high,classic_high
Benedetta Bruzziches,contemporary,medium,contemporary_medium
Black Coral,contemporary,high,contemporary_high
Blancha,contemporary-fashion,high,contemporary-fashion_high
Blugirl,contemporary,medium,contemporary_medium
Blumarine,contemporary-fashion,high,contemporary-fashion_high
Bogner,contemporary,medium,contemporary_medium
Bond-eye Australia,contemporary,high,contemporary_high
Bonvo,contemporary,high,contemporary_high
Borbonese,contemporary,medium,contemporary_medium
Bordelle,contemporary,high+,contemporary_high+
Borsalino,classic,high+,classic_high+
BOSS,contemporary,medium,contemporary_medium
Bottega Veneta,fashion,high+,fashion_high+
Botter,contemporary-fashion,high,contemporary-fashion_high
Bougeotte,classic,high,classic_high
Brunello Cucinelli,classic,high+,classic_high+
Burberry,contemporary,high+,contemporary_high+
BY FAR,contemporary-fashion,medium,contemporary-fashion_medium
C.alla,classic,high,classic_high
CADOLLE,contemporary,high,contemporary_high
Camerlengo,contemporary,high,contemporary_high
Canada Goose,contemporary,high,contemporary_high
Canessa,classic,high,classic_high
Carine Gilson,classic,high,classic_high
Casablanca,contemporary-fashion,high,contemporary-fashion_high
Casadei,contemporary,high,contemporary_high
Castaner by Manolo Blahnik,contemporary-fashion,high,contemporary-fashion_high
CeliaB,contemporary-fashion,medium,contemporary-fashion_medium
Celine,fashion,high+,fashion_high+
Charo Ruiz Ibiza,contemporary,high,contemporary_high
Chloé,fashion,high+,fashion_high+
Christian Louboutin,contemporary,high+,contemporary_high+
Christopher Esber,other,other,other
Cinzia Rocca,contemporary,low,contemporary_low
Closed,contemporary-fashion,medium,contemporary-fashion_medium
Co,classic,high,classic_high
Coach,contemporary,medium,contemporary_medium
Coccinelle,contemporary,medium,contemporary_medium
Colombo,classic,high+,classic_high+
Colville,contemporary-fashion,high,contemporary-fashion_high
Comme des Fuckdown,contemporary,medium,contemporary_medium
Cosy Sunday,classic,high,classic_high
Cruciani,classic,high,classic_high
Crystal Haze,other,other,other
Cult Gaia,contemporary-fashion,medium,contemporary-fashion_medium
D.Exterior,contemporary,medium,contemporary_medium
Daname,contemporary,high,contemporary_high
Daniele Fiesoli,classic,high,classic_high
Darkpark,contemporary-fashion,medium,contemporary-fashion_medium
David Koma,contemporary,high+,contemporary_high+
Deadwood,contemporary,high,contemporary_high
Deha,contemporary,medium,contemporary_medium
Del Core,contemporary-fashion,high,contemporary-fashion_high
Denimist,contemporary,high,contemporary_high
Derek Rose,classic,high,classic_high
Des_Phemmes,other,other,other
Destin,contemporary,medium,contemporary_medium
Dice Kayek,contemporary-fashion,high,contemporary-fashion_high
Diego M,contemporary,medium,contemporary_medium
Diesel,contemporary,medium,contemporary_medium
DMN,contemporary,medium,contemporary_medium
Dolce & Gabbana,contemporary,high+,contemporary_high+
DOMREBEL,contemporary,high,contemporary_high
Dondup,contemporary,high,contemporary_high
Dorothee Schumacher,contemporary,high,contemporary_high
Doucal's,classic,high,classic_high
Drae,other,other,other
Dragon low,contemporary-fashion,medium,contemporary-fashion_medium
Dries Van Noten,contemporary-fashion,high,contemporary-fashion_high
DRKSHDW,contemporary,medium,contemporary_medium
Dsquared2,contemporary,high,contemporary_high
Duno,contemporary,medium,contemporary_medium
Dunst,contemporary,high,contemporary_high
Duvetica,contemporary,medium,contemporary_medium
Ea 7,contemporary,medium,contemporary_medium
Electric&Rose,contemporary,medium,contemporary_medium
Eleventy,contemporary,low,contemporary_low
Elie Saab,contemporary,high+,contemporary_high+
Elleme,contemporary,medium,contemporary_medium
Emporio Armani,contemporary,low,contemporary_low
Enterprise Japan,contemporary-fashion,medium,contemporary-fashion_medium
Eric Javits,classic,high,classic_high
Erika Cavallini,contemporary,high,contemporary_high
Ermanno Scervino,classic,high,classic_high
Escada,contemporary,low,contemporary_low
Études,contemporary,medium,contemporary_medium
Extreme Cashmere,contemporary,medium,contemporary_medium
Fendi,contemporary,high+,contemporary_high+
Filles A Papa,other,other,other
Fisico,contemporary,high,contemporary_high
Flower Mountain,contemporary,medium,contemporary_medium
Forte Dei Marmi Couture,contemporary,high,contemporary_high
Forte_forte,contemporary,high,contemporary_high
Frame Denim,contemporary,high,contemporary_high
Francesco Russo,contemporary,high,contemporary_high
Freedomday,contemporary,medium,contemporary_medium
Frenzlauer,contemporary,medium,contemporary_medium
FTC,contemporary,high,contemporary_high
Furla,contemporary,medium,contemporary_medium
Ganni,contemporary,medium,contemporary_medium
GCDS,contemporary-fashion,medium,contemporary-fashion_medium
Gedebe,contemporary,medium,contemporary_medium
Ghoud,contemporary,medium,contemporary_medium
Giambattista Valli,contemporary-fashion,high+,contemporary-fashion_high+
Gianantonio Paladini,contemporary,low,contemporary_low
Gianvito Rossi,contemporary,high+,contemporary_high+
Giorgio Armani,classic,high+,classic_high+
Giuseppe di Morabito,contemporary-fashion,high+,contemporary-fashion_high+
Giuseppe Zanotti Design,contemporary,high,contemporary_high
Givenchy,contemporary,high,contemporary_high
Golden Goose Deluxe Brand,contemporary,high,contemporary_high
Gran Sasso,contemporary,low,contemporary_low
Gucci,contemporary,high+,contemporary_high+
Haight.,contemporary-fashion,high,contemporary-fashion_high
Haikure,contemporary-fashion,medium,contemporary-fashion_medium
Halfboy,contemporary-fashion,medium,contemporary-fashion_medium
Hanka_in,contemporary,medium,contemporary_medium
Harris Wharf London,contemporary,medium,contemporary_medium
Headoniste,contemporary,high,contemporary_high
Heliot Emil,contemporary-fashion,medium,contemporary-fashion_medium
Helmut Lang,contemporary-fashion,high,contemporary-fashion_high
Hereu,contemporary,medium,contemporary_medium
Herno,contemporary,medium,contemporary_medium
Heroine Sport,contemporary,medium,contemporary_medium
Heron Preston,contemporary,high,contemporary_high
Hetrego,contemporary,high,contemporary_high
Hidnander,contemporary,medium,contemporary_medium
HINNOMINATE,contemporary,medium,contemporary_medium
Homers At Home,classic,high,classic_high
HUGO,contemporary,medium,contemporary_medium
Hypso,contemporary,medium,contemporary_medium
Iceberg,contemporary,medium,contemporary_medium
Icon Denim LA,contemporary,medium,contemporary_medium
In the mood for love,contemporary,medium,contemporary_medium
INUIKII,contemporary,medium,contemporary_medium
Inverni,contemporary,medium,contemporary_medium
Iro,contemporary,high,contemporary_high
Isabel Benenato,contemporary-fashion,high,contemporary-fashion_high
Isabel Marant,contemporary-fashion,high,contemporary-fashion_high
Ivy Oak,contemporary,medium,contemporary_medium
Jacob Cohen,contemporary,high,contemporary_high
Jacob Lee,contemporary-fashion,high,contemporary-fashion_high
Jacquemus,contemporary-fashion,medium,contemporary-fashion_medium
James Perse,contemporary-fashion,medium,contemporary-fashion_medium
Jean Paul Gaultier,contemporary-fashion,medium,contemporary-fashion_medium
Jil Sander,fashion,high+,fashion_high+
Jimmy Choo,contemporary,high+,contemporary_high+
John Elliott,contemporary,high,contemporary_high
Joshua Sanders,contemporary-fashion,medium,contemporary-fashion_medium
Juun.J,contemporary-fashion,high,contemporary-fashion_high
JW Anderson,contemporary-fashion,high,contemporary-fashion_high
K-Way,contemporary,medium,contemporary_medium
KALITA,contemporary,medium,contemporary_medium
Kasia Kulenty,contemporary,high,contemporary_high
Kenzo,contemporary,medium,contemporary_medium
Khaite,fashion,high+,fashion_high+
Khrisjoy,contemporary-fashion,high,contemporary-fashion_high
Kika Vargas,contemporary-fashion,high,contemporary-fashion_high
Kiki de Montparnasse,contemporary,high,contemporary_high
Kiton,classic,high+,classic_high+
Kleed Loungewear,contemporary,high,contemporary_high
Ksubi,contemporary-fashion,medium,contemporary-fashion_medium
L'Alingi,contemporary,medium,contemporary_medium
La Perla,contemporary,high+,contemporary_high+
La Petite Robe Di Chiara Boni,contemporary,medium,contemporary_medium
La Prestic Ouiston,contemporary,high,contemporary_high
Lancel,contemporary,medium,contemporary_medium
Laneus,contemporary,high,contemporary_high
Lanvin,contemporary-fashion,high,contemporary-fashion_high
Le Kasha,other,other,other
Le Monde Beryl,contemporary,high,contemporary_high
Le Silla,contemporary,high,contemporary_high
LE17SEPTEMBRE,contemporary,medium,contemporary_medium
Lemon Jelly,other,other,other
Lempelius,contemporary,medium,contemporary_medium
Leonard Paris,classic,high,classic_high
Lila Eugenie,classic,high,classic_high
Lisa Marie Fernandez,other,other,other
Liu Jo,contemporary,medium,contemporary_medium
Lorena Antoniazzi,contemporary,high,contemporary_high
Loro Piana,classic,high+,classic_high+
LouLou,other,other,other
Loulou Studio,contemporary-fashion,high,contemporary-fashion_high
Love Stories,contemporary,medium,contemporary_medium
Low Classic,contemporary,high,contemporary_high
Lug Von Siga,other,other,other
Luv Aj,contemporary,medium,contemporary_medium
LVIR,contemporary,medium,contemporary_medium
M05CH1NO Jeans,contemporary,medium,contemporary_medium
Mach & Mach,contemporary-fashion,high,contemporary-fashion_high
Magda Butrym,contemporary-fashion,high,contemporary-fashion_high
Maison Margiela,fashion,high+,fashion_high+
Manebi,contemporary,medium,contemporary_medium
Manokhi,contemporary,high,contemporary_high
manzoni24,classic,high,classic_high
MARC JACOBS (THE),contemporary,medium,contemporary_medium
Marina Rinaldi,contemporary,low,contemporary_low
Marni,contemporary-fashion,high,contemporary-fashion_high
Marsell,contemporary-fashion,high,contemporary-fashion_high
Marysia,contemporary,high,contemporary_high
Mattia Capezzani,contemporary,high,contemporary_high
Maurizio,contemporary,high,contemporary_high
Max Mara,contemporary,high,contemporary_high
Max&Moi,contemporary,high,contemporary_high
MC2 Saint Barth,contemporary,high,contemporary_high
Melissa Odabash,contemporary,medium,contemporary_medium
MICHAEL Michael Kors,contemporary,medium,contemporary_medium
Miista,contemporary,medium,contemporary_medium
Missoni,contemporary,high,contemporary_high
MissoniHome,classic,high,classic_high
Mlouye,contemporary,medium,contemporary_medium
MM6,contemporary-fashion,medium,contemporary-fashion_medium
Moncler,contemporary,high,contemporary_high
Monot,contemporary,high,contemporary_high
Moorer,classic,high,classic_high
MORDECAI,contemporary-fashion,high,contemporary-fashion_high
More Noir,other,other,other
Morpho&Luna,contemporary,high,contemporary_high
Moschino,contemporary,high,contemporary_high
Mother,contemporary,high,contemporary_high
MPD BOX,other,other,other
MRZ,contemporary,high,contemporary_high
MSGM,contemporary,high,contemporary_high
Mugler,contemporary-fashion,high,contemporary-fashion_high
MUST,classic,high+,classic_high+
N21,contemporary,high,contemporary_high
Nackiye,contemporary,high,contemporary_high
Naked Wolfe,contemporary,medium,contemporary_medium
Nannacay,other,other,other
Nanushka,contemporary,high,contemporary_high
NATAYAKIM,contemporary,high,contemporary_high
Nensi Dojaka,contemporary-fashion,high,contemporary-fashion_high
Neous,contemporary-fashion,high,contemporary-fashion_high
Nili Lotan,contemporary-fashion,high,contemporary-fashion_high
Nina Ricci,contemporary,high,contemporary_high
Norveg,contemporary,medium,contemporary_medium
Not Shy,contemporary,medium,contemporary_medium
Notsonormal,contemporary,high,contemporary_high
Numbering,contemporary,high,contemporary_high
ODISSI,contemporary,high,contemporary_high
Off-White,contemporary,high,contemporary_high
Oneteaspoon,contemporary,medium,contemporary_medium
OSEREE,contemporary,high,contemporary_high
P.A.R.O.S.H.,contemporary,high,contemporary_high
Paige,contemporary,high,contemporary_high
Palm Angels,contemporary,high,contemporary_high
PALM NOOSA,contemporary,high,contemporary_high
PANGAIA,contemporary,medium,contemporary_medium
Panicale,contemporary,low,contemporary_low
Pantanetti,classic,high,classic_high
Parajumpers,contemporary,medium,contemporary_medium
Paramidonna,contemporary,medium,contemporary_medium
Paris Texas,contemporary-fashion,high,contemporary-fashion_high
Pasotti Ombrelli,classic,high,classic_high
Paul Andrew,contemporary,high,contemporary_high
Pearl Octopuss.y,contemporary-fashion,medium,contemporary-fashion_medium
PEARL&CAVIAR,contemporary,medium,contemporary_medium
Pence,contemporary,medium,contemporary_medium
Perfect Moment,contemporary,high,contemporary_high
Petar Petrov,contemporary-fashion,high,contemporary-fashion_high
Pharmacy Industry,contemporary,medium,contemporary_medium
Philosophy di Lorenzo Serafini,contemporary,high,contemporary_high
Pietro Brunelli,contemporary,low,contemporary_low
Pinko,contemporary,medium,contemporary_medium
Piumestudio,other,other,other
Plan C,contemporary-fashion,high,contemporary-fashion_high
Polo Ralph Lauren,contemporary,medium,contemporary_medium
Ports 1961,classic,high,classic_high
Poupette St Barth,contemporary,medium,contemporary_medium
Premiata,contemporary,medium,contemporary_medium
Pro-Keds,contemporary,medium,contemporary_medium
Quira,contemporary-fashion,high,contemporary-fashion_high
R13,contemporary-fashion,high,contemporary-fashion_high
Rains,contemporary,medium,contemporary_medium
RE.SEA,contemporary,medium,contemporary_medium
Re/Done,contemporary,medium,contemporary_medium
REDVALENTINO,contemporary,medium,contemporary_medium
Ree Projects,contemporary,medium,contemporary_medium
Rene Caovilla,contemporary,high,contemporary_high
Replay,contemporary,medium,contemporary_medium
Rhude,contemporary-fashion,high,contemporary-fashion_high
Rick Owens,contemporary-fashion,high,contemporary-fashion_high
Ritratti Milano,other,other,other
Ritz Paris FRAME,contemporary-fashion,high,contemporary-fashion_high
Roberto Cavalli,contemporary,high,contemporary_high
Rodo,contemporary,medium,contemporary_medium
Roeckl,classic,high,classic_high
Rohe,other,other,other
Rokh,contemporary-fashion,high,contemporary-fashion_high
ROWEN ROSE,contemporary-fashion,high,contemporary-fashion_high
Rubeus Milano,classic,high,classic_high
Rudsak,contemporary,medium,contemporary_medium
Saint Laurent,fashion,high+,fashion_high+
Saloni,contemporary,medium,contemporary_medium
Salvatore Ferragamo,contemporary-fashion,high+,contemporary-fashion_high+
Sans-Arcidet,contemporary,medium,contemporary_medium
Santoni,contemporary,high+,contemporary_high+
sara roka,contemporary,medium,contemporary_medium
SASUPHI,contemporary-fashion,high,contemporary-fashion_high
Sea Level,contemporary,medium,contemporary_medium
Sea NY,other,other,other
See by Chloé,other,other,other
self-portrait,contemporary,high,contemporary_high
Sergio Rossi,contemporary,high+,contemporary_high+
Seventy Venezia,contemporary,medium,contemporary_medium
Simonetta Ravizza,classic,high,classic_high
SLVRLAKE,contemporary,medium,contemporary_medium
Sonia by Sonia Rykiel,other,other,other
Sonora Boots,contemporary,high,contemporary_high
Sporty&Rich,contemporary-fashion,medium,contemporary-fashion_medium
Ssheena,contemporary-fashion,high,contemporary-fashion_high
SSIL,contemporary,high,contemporary_high
Stella McCartney,contemporary-fashion,high,contemporary-fashion_high
Swarovski,contemporary,medium,contemporary_medium
Tagliatore 0205,contemporary,high,contemporary_high
TEREKHOV x TSUM,classic,high,classic_high
The Andamane,contemporary,high,contemporary_high
The Attico,contemporary-fashion,high,contemporary-fashion_high
The Kooples,contemporary,medium,contemporary_medium
THE MANNEI,contemporary-fashion,high,contemporary-fashion_high
The New Arrivals Ilkyaz Ozel,contemporary,high,contemporary_high
The Row,fashion,high+,fashion_high+
Theory,classic,high,classic_high
Tod’s,classic,high,classic_high
Tohum,contemporary-fashion,high,contemporary-fashion_high
Tom Ford,contemporary,high+,contemporary_high+
Tory Burch,contemporary,medium,contemporary_medium
TOTEME,contemporary,high,contemporary_high
Trussardi,other,other,other
Twinset,contemporary,medium,contemporary_medium
UGG,contemporary-fashion,medium,contemporary-fashion_medium
Uma Wang,contemporary-fashion,high,contemporary-fashion_high
UNDRESS CODE,contemporary,medium,contemporary_medium
Valentino,classic,high+,classic_high+
Veja,contemporary,medium,contemporary_medium
Venera Arapu,contemporary,medium,contemporary_medium
Versace,contemporary,high+,contemporary_high+
Versace Jeans Couture,contemporary,medium,contemporary_medium
VETEMENTS,contemporary-fashion,high,contemporary-fashion_high
Vic Matie,contemporary,medium,contemporary_medium
Vivetta,contemporary-fashion,high,contemporary-fashion_high
VTMNTS,contemporary-fashion,medium,contemporary-fashion_medium
Wandler,contemporary,medium,contemporary_medium
We11done,contemporary,high,contemporary_high
Weill,contemporary,high,contemporary_high
William Sharp,classic,high,classic_high
Windsor,classic,high,classic_high
Wolford,contemporary,medium,contemporary_medium
Woolrich,contemporary,medium,contemporary_medium
Y-3,contemporary,medium,contemporary_medium
Yuzefi,contemporary,medium,contemporary_medium
Yves Salomon,contemporary,high,contemporary_high
Zadig&Voltaire,contemporary,medium,contemporary_medium
Zeynep Arcay,contemporary,high,contemporary_high
Zimmerli,contemporary,medium,contemporary_medium
Zimmermann,contemporary,high,contemporary_high
Zuhair Murad,classic,high+,classic_high+