brand_title,men_style,men_price,men_segment
424,other,other,other
(+)People,contemporary,medium,contemporary_medium
120% Lino,contemporary,medium,contemporary_medium
3.Paradis,other,other,other
44 Label Group,contemporary,medium,contemporary_medium
7 For All Mankind,contemporary,high,contemporary_high
A Paper Kid,contemporary-fashion,medium,contemporary-fashion_medium
A-COLD-WALL*,contemporary,high,contemporary_high
A.P.C.,contemporary-fashion,medium,contemporary-fashion_medium
Acne Studios,contemporary-fashion,high,contemporary-fashion_high
Acupuncture,contemporary,medium,contemporary_medium
Add,contemporary,medium,contemporary_medium
Aeronautica Militare,contemporary,medium,contemporary_medium
After Label,contemporary,high,contemporary_high
AG Adriano Goldschmied,contemporary,high,contemporary_high
Agnelle,classic,high,classic_high
Agnona,classic,high+,classic_high+
Albert Thurston,classic,high,classic_high
Aldo Brue,classic,high,classic_high
Alessandro Gherardi,contemporary,low,contemporary_low
Alexander McQueen,contemporary-fashion,high+,contemporary-fashion_high+
Allude,contemporary,medium,contemporary_medium
Altea,other,other,other
AMBUSH,contemporary-fashion,high,contemporary-fashion_high
Ami,contemporary-fashion,high,contemporary-fashion_high
Amiri,contemporary,high,contemporary_high
Andrea Campagna,classic,high,classic_high
Andrea Ventura,other,other,other
Andrea Ventura Firenze,contemporary,medium,contemporary_medium
Andrea Ya'aqov,contemporary-fashion,medium,contemporary-fashion_medium
Ann Demeulemeester,contemporary-fashion,high,contemporary-fashion_high
AOD An Other Date,contemporary-fashion,medium,contemporary-fashion_medium
Artioli,classic,high,classic_high
Aspesi,contemporary-fashion,high,contemporary-fashion_high
Attachment,contemporary-fashion,high,contemporary-fashion_high
Autry,contemporary,medium,contemporary_medium
Axel Arigato,contemporary-fashion,medium,contemporary-fashion_medium
Bacon,contemporary,medium,contemporary_medium
Balenciaga,fashion,high+,fashion_high+
Bally,classic,high,classic_high
Balmain,contemporary-fashion,high+,contemporary-fashion_high+
Barbed,contemporary,high,contemporary_high
Barracuda,contemporary,medium,contemporary_medium
Barrett,classic,high,classic_high
Barrow,contemporary,medium,contemporary_medium
Berwich,contemporary,medium,contemporary_medium
Bisibiglio,contemporary,medium,contemporary_medium
Bluemarble,contemporary,high,contemporary_high
Boglioli,classic,high,classic_high
Bogner,contemporary,medium,contemporary_medium
Bomboogie,other,other,other
BOSS,contemporary-fashion,medium,contemporary-fashion_medium
Bottega Veneta,fashion,high+,fashion_high+
Brioni,classic,high+,classic_high+
Brouback,contemporary,low,contemporary_low
Brunello Cucinelli,contemporary,high+,contemporary_high+
Burberry,contemporary-fashion,high+,contemporary-fashion_high+
C.P. Company,contemporary,high,contemporary_high
Camerlengo,contemporary,high,contemporary_high
Canada Goose,contemporary,high,contemporary_high
Canali,classic,high,classic_high
Capobianco,contemporary,low,contemporary_low
Carne Bollente,contemporary-fashion,medium,contemporary-fashion_medium
Casablanca,contemporary-fashion,high,contemporary-fashion_high
Castaner,contemporary,medium,contemporary_medium
Celine,fashion,high+,fashion_high+
CHMPS PARISSE,other,other,other
Christian Louboutin,contemporary-fashion,high+,contemporary-fashion_high+
Circolo 1901,contemporary,high,contemporary_high
Coccinelle,contemporary,medium,contemporary_medium
Colombo,classic,high+,classic_high+
Comme des Fuckdown,contemporary,medium,contemporary_medium
Corneliani,classic,high,classic_high
Cortigiani,classic,high,classic_high
Crime London,contemporary,medium,contemporary_medium
Daniele Basta,contemporary-fashion,high,contemporary-fashion_high
Daniele Fiesoli,classic,high,classic_high
Darkpark,contemporary-fashion,high,contemporary-fashion_high
Deadwood,contemporary,high,contemporary_high
Derek Rose,classic,high,classic_high
Destin,contemporary,medium,contemporary_medium
Diego Venturino,contemporary,high,contemporary_high
Diesel,contemporary-fashion,medium,contemporary-fashion_medium
Dirk Bikkembergs,contemporary,medium,contemporary_medium
Dolce & Gabbana,contemporary,high+,contemporary_high+
DOMREBEL,contemporary,high,contemporary_high
Dondup,classic,high,classic_high
Doucal's,classic,high,classic_high
Dries Van Noten,contemporary-fashion,high,contemporary-fashion_high
DRKSHDW,contemporary-fashion,medium,contemporary-fashion_medium
DRM,other,other,other
Drole De Monsieur,contemporary,high,contemporary_high
Dsquared2,contemporary,high,contemporary_high
Duno,contemporary,medium,contemporary_medium
Duvetica,contemporary,medium,contemporary_medium
Ea 7,contemporary,low,contemporary_low
Eleventy,contemporary,low,contemporary_low
Emporio Armani,contemporary,medium,contemporary_medium
Enfants Riches Deprimes,contemporary-fashion,high,contemporary-fashion_high
Enterprise Japan,contemporary-fashion,medium,contemporary-fashion_medium
Études,contemporary,medium,contemporary_medium
Farfalla,classic,high,classic_high
Fear Of God,contemporary-fashion,medium,contemporary-fashion_medium
Fedeli,classic,high,classic_high
Fefe`,contemporary,medium,contemporary_medium
Fendi,contemporary-fashion,high+,contemporary-fashion_high+
Fioroni,contemporary,high,contemporary_high
Flower Mountain,contemporary,medium,contemporary_medium
Fracap,contemporary,medium,contemporary_medium
Fradi,contemporary,medium,contemporary_medium
Fratelli Rossetti,contemporary,high,contemporary_high
Freedomday,contemporary,medium,contemporary_medium
Front street 8 Kids,contemporary,medium,contemporary_medium
GCDS,contemporary-fashion,medium,contemporary-fashion_medium
Ghoud,contemporary,medium,contemporary_medium
Giampaolo,classic,high,classic_high
Gian Carlo Rossi,other,other,other
Gianvito Rossi,contemporary,high+,contemporary_high+
Gimo's,classic,high,classic_high
Giorgio Armani,classic,high+,classic_high+
Giorgio Brato,contemporary-fashion,high,contemporary-fashion_high
Giuseppe Zanotti Design,contemporary,high,contemporary_high
Givenchy,contemporary-fashion,high+,contemporary-fashion_high+
Golden Goose Deluxe Brand,contemporary,high,contemporary_high
Gran Sasso,contemporary,low,contemporary_low
Green George,classic,high,classic_high
Gucci,contemporary-fashion,high+,contemporary-fashion_high+
H`D`S`N Baracco,contemporary,high,contemporary_high
Hannes Roether,contemporary,medium,contemporary_medium
Harris Wharf London,contemporary,medium,contemporary_medium
Headoniste,contemporary,high,contemporary_high
Hereu,contemporary-fashion,medium,contemporary-fashion_medium
Herno,contemporary,low,contemporary_low
Heron Preston,contemporary-fashion,high,contemporary-fashion_high
Hetrego,contemporary,medium,contemporary_medium
Hevo,contemporary-fashion,medium,contemporary-fashion_medium
Hide&Jack,contemporary,medium,contemporary_medium
Hidnander,contemporary,medium,contemporary_medium
HINNOMINATE,contemporary,medium,contemporary_medium
Historic,other,other,other
Hogan,contemporary,medium,contemporary_medium
Homers At Home,classic,high,classic_high
HUGO,contemporary,low,contemporary_low
Ice Play,other,other,other
Iceberg,contemporary,medium,contemporary_medium
Icon Denim LA,contemporary,medium,contemporary_medium
Il Borgo Cashmere,classic,high,classic_high
Inlinum,contemporary,medium,contemporary_medium
INUIKII,contemporary,medium,contemporary_medium
Inverni,contemporary,medium,contemporary_medium
Isabel Benenato,contemporary-fashion,high,contemporary-fashion_high
Jacob Cohen,contemporary,high,contemporary_high
Jacob Lee,contemporary-fashion,high,contemporary-fashion_high
Jacquemus,contemporary-fashion,medium,contemporary-fashion_medium
James Perse,contemporary-fashion,medium,contemporary-fashion_medium
Jil Sander,contemporary-fashion,high+,contemporary-fashion_high+
Jimmy Choo,contemporary-fashion,high,contemporary-fashion_high
Juun.J,contemporary,high,contemporary_high
K-Way,contemporary-fashion,medium,contemporary-fashion_medium
Kangra,classic,high,classic_high
Kenzo,contemporary,medium,contemporary_medium
Khrisjoy,contemporary-fashion,high,contemporary-fashion_high
Kired,classic,high,classic_high
Kiton,contemporary,high+,contemporary_high+
Ksubi,contemporary-fashion,medium,contemporary-fashion_medium
L.B.M. 1911,classic,high,classic_high
La Martina,contemporary,medium,contemporary_medium
Lancel,contemporary,medium,contemporary_medium
Laneus,contemporary,high,contemporary_high
Lanvin,contemporary-fashion,high,contemporary-fashion_high
Lardini,classic,high,classic_high
Les Benjamins,other,other,other
Limitato,contemporary-fashion,medium,contemporary-fashion_medium
Loro Piana,classic,high+,classic_high+
Luigi Bianchi,classic,high,classic_high
Luigi Borrelli,classic,high,classic_high
Magnanni,classic,high,classic_high
Maharishi,contemporary-fashion,medium,contemporary-fashion_medium
Maison Margiela,fashion,high+,fashion_high+
malo,contemporary,low,contemporary_low
Manebi,contemporary,medium,contemporary_medium
Marco Pescarolo,contemporary,high,contemporary_high
Marni,contemporary-fashion,high,contemporary-fashion_high
Marsell,contemporary-fashion,high,contemporary-fashion_high
Martine Rose,contemporary-fashion,high,contemporary-fashion_high
Mattia Capezzani,contemporary,medium,contemporary_medium
MC2 Saint Barth,contemporary,high,contemporary_high
Members of the rage,contemporary-fashion,high,contemporary-fashion_high
Mille 885,contemporary,high,contemporary_high
MIRA,other,other,other
Missoni,contemporary,high,contemporary_high
MM6,contemporary-fashion,medium,contemporary-fashion_medium
Moma,contemporary,high,contemporary_high
Moncler,contemporary-fashion,high,contemporary-fashion_high
Montecore,contemporary,medium,contemporary_medium
Moorer,classic,high,classic_high
MORDECAI,contemporary-fashion,high,contemporary-fashion_high
Moschino,contemporary-fashion,medium,contemporary-fashion_medium
Mostly Heard Rarely Seen,contemporary-fashion,high,contemporary-fashion_high
MSGM,contemporary,high,contemporary_high
MUST,contemporary,high+,contemporary_high+
N21,contemporary-fashion,high,contemporary-fashion_high
Naked Wolfe,contemporary,medium,contemporary_medium
Nanushka,contemporary-fashion,high,contemporary-fashion_high
Neil Barrett,contemporary,high,contemporary_high
Never Enough,contemporary,medium,contemporary_medium
Nick Fouquet,other,other,other
Norveg,contemporary,medium,contemporary_medium
Notsonormal,contemporary,high,contemporary_high
Nude of Scandinavia,other,other,other
Nuti & Co,classic,high,classic_high
Off-White,contemporary,high,contemporary_high
Officine Creative,other,other,other
Paige,contemporary,high,contemporary_high
Pal Zileri,classic,high,classic_high
Palm Angels,contemporary,high,contemporary_high
Pantanetti,classic,high,classic_high
Parajumpers,contemporary,medium,contemporary_medium
Paul&Shark,contemporary,medium,contemporary_medium
Pence,contemporary,medium,contemporary_medium
Pharmacy Industry,contemporary,medium,contemporary_medium
Piacenza Cashmere 1733,classic,high,classic_high
Pineider Firenze 1774,classic,high,classic_high
Piumestudio,other,other,other
Polo Ralph Lauren,contemporary,medium,contemporary_medium
Premiata,contemporary,medium,contemporary_medium
Pro-Keds,contemporary,medium,contemporary_medium
PT Torino,contemporary,high,contemporary_high
Puma,contemporary,medium,contemporary_medium
R13,contemporary-fashion,high,contemporary-fashion_high
Religion,contemporary,medium,contemporary_medium
Replay,contemporary,medium,contemporary_medium
RH45,other,other,other
Rhude,contemporary-fashion,high,contemporary-fashion_high
Richard J. Brown,contemporary,high,contemporary_high
Rick Owens,contemporary-fashion,high,contemporary-fashion_high
Roadless,contemporary,high,contemporary_high
Roberto Cavalli,contemporary,high,contemporary_high
Roberto Ricetti,contemporary,low,contemporary_low
Roeckl,classic,high,classic_high
Rohe,contemporary-fashion,high,contemporary-fashion_high
RTA,contemporary,high,contemporary_high
Rubeus Milano,classic,high,classic_high
Rudsak,contemporary,medium,contemporary_medium
Saint Laurent,fashion,high+,fashion_high+
Salvatore Ferragamo,classic,high+,classic_high+
Santoni,classic,high,classic_high
Sartoria Latorre,contemporary,high,contemporary_high
Sartorio,classic,high,classic_high
Sease,contemporary,high+,contemporary_high+
Seboy`s,contemporary,high,contemporary_high
Seetees,contemporary,medium,contemporary_medium
Sergio Rossi,fashion,high+,fashion_high+
Slowear,classic,high,classic_high
Sonrisa,classic,high,classic_high
Sporty&Rich,contemporary-fashion,medium,contemporary-fashion_medium
Stefano Ricci,contemporary,high+,contemporary_high+
Stone Island,contemporary,high,contemporary_high
Svevo,contemporary,low,contemporary_low
Tateossian,contemporary,high+,contemporary_high+
Tatras,other,other,other
Tee Library,contemporary,medium,contemporary_medium
Ten C,contemporary-fashion,high,contemporary-fashion_high
The-Antipode,contemporary-fashion,high,contemporary-fashion_high
Theory,classic,high,classic_high
Thom Krom,contemporary-fashion,medium,contemporary-fashion_medium
Tod’s,classic,high,classic_high
Tom Ford,contemporary,high+,contemporary_high+
TR Handschuhe,other,other,other
Transit,contemporary,medium,contemporary_medium
Trussardi,contemporary,medium,contemporary_medium
UGG,contemporary-fashion,medium,contemporary-fashion_medium
Valentino,fashion,high+,fashion_high+
Van Laack,classic,high,classic_high
Veja,contemporary,medium,contemporary_medium
Versace,contemporary-fashion,high+,contemporary-fashion_high+
Versace Jeans Couture,contemporary,medium,contemporary_medium
VETEMENTS,contemporary-fashion,high,contemporary-fashion_high
Vic Matie,contemporary,medium,contemporary_medium
Vilebrequin,contemporary,medium,contemporary_medium
VTMNTS,contemporary-fashion,medium,contemporary-fashion_medium
W.Gibbs,classic,high,classic_high
Waterville,contemporary,medium,contemporary_medium
We11done,contemporary,high,contemporary_high
White Sand,contemporary,medium,contemporary_medium
Windsor,classic,high,classic_high
Woolrich,classic,high,classic_high
Y-3,contemporary-fashion,medium,contemporary-fashion_medium
Yves Salomon,contemporary,high,contemporary_high
Zegna,contemporary,high+,contemporary_high+
Zilli,classic,high+,classic_high+
Zimmerli,contemporary,medium,contemporary_medium